키워드,상품수
나이키운동화,2029165
나이키패딩,127422
나이키에어포스,199435
나이키V2K,30904
나이키런닝화,1137665
나이키코르테즈,55511
나이키에어맥스,374437
나이키신발,2504986
나이키맨투맨,117485
나이키온라인스토어,258
나이키키즈,140382
나이키양말,70397
나이키줌보메로5,38886
된장포스,1968
나이키모자,144177
나이키가방,209719
나이키후드티,211735
나이키후리스,338051
나이키P6000,4299
자라베이비,7432
나이키장갑,34178
나이키ACG,79004
나이키에어포스1,191904
나이키백팩,71618
에어포스1,205872
나이키바지,496860
줌보메로5,39011
나이키덩크로우,136423
나이키풋살화,100016
나이키버로우,39427
나이키에어맥스97,33047
나이키바람막이,74324
나이키보메로,50449
에어맥스97,33202
나이키러닝화,1137671
나이키기모바지,25042
나이키이니시에이터,16203
나이키페가수스,83622
나이키에어포스107,90046
나이키데이브레이크,14605
나이키V2K런,28744
나이키조던,454832
버버리키즈패딩,5917
